0,1,2,3,4
0.000000,0.000000,0.000000,0.000000,0.000000
0.800920,0.984891,0.276723,-0.793564,0.692140
1.083976,0.633613,0.285143,-1.220651,-1.087849
0.179889,1.939766,-1.232218,-2.088349,0.237148
-1.593524,1.224563,-0.647235,-0.787393,-0.623832
-3.196462,2.626079,-0.280091,0.104016,-0.516038
-3.358464,3.816569,-1.665598,-0.353677,0.494212
-2.561458,4.680301,0.546274,-0.487305,0.301328
-2.263403,4.049306,1.163670,-0.107049,1.418445
-1.572345,4.238781,1.704866,-2.354268,1.231533
-0.762305,3.444763,3.454933,-2.462560,0.199381
-1.661398,2.281872,4.656641,-2.577954,-0.371917
-0.690332,2.464510,4.669459,-1.834703,-1.883148
-2.305097,2.265746,5.352269,-2.416607,-0.152093
-1.333603,3.052737,5.813410,-1.946233,0.516058
-1.477301,2.968792,3.930822,-3.526283,1.658927
0.000000,2.778145,3.911130,-3.587967,0.321959
0.000000,0.000000,5.412650,-1.864600,-0.711218
0.000000,0.000000,4.829989,-2.729083,0.000000
0.000000,0.000000,4.741696,0.000000,0.000000
0.000000,0.000000,5.987268,0.000000,0.000000
0.000000,0.000000,5.076094,0.000000,0.000000
0.000000,0.000000,7.017071,0.000000,0.000000
0.000000,0.000000,7.362468,0.000000,0.000000
0.000000,0.000000,6.126828,0.000000,0.000000
0.000000,0.000000,0.000000,0.000000,0.000000
0.000000,0.000000,0.000000,0.000000,0.000000
0.000000,0.000000,0.000000,0.000000,0.000000
0.000000,0.297242,0.000000,0.000000,0.000000
0.000000,0.000000,0.000000,0.000000,0.598769
0.000000,0.000000,0.000000,0.691477,-0.586857
0.000000,0.000000,0.000000,1.171453,0.000000
0.000000,0.000000,0.000000,-0.577537,0.000000
0.000000,0.000000,0.000000,0.000000,0.000000
-1.488358,0.000000,0.000000,0.000000,0.000000
-0.582628,0.000000,0.000000,0.000000,0.000000
-0.112587,0.000000,0.000000,0.000000,0.000000
-0.253894,0.000000,0.000000,0.000000,0.000000
-0.044017,0.000000,0.000000,0.000000,0.000000
-0.611616,0.000000,0.000000,0.000000,0.000000
-1.453473,1.212894,0.000000,0.000000,0.000000
-0.531128,1.046550,0.000000,0.000000,0.000000
0.470784,2.776471,0.000000,0.000000,0.718531
0.658971,4.817700,0.000000,0.000000,1.944707
-2.358236,3.406744,0.756380,-0.153847,2.711895
-1.828969,4.070934,-0.110394,-0.071841,2.736124
-3.117981,4.635325,0.645767,1.205590,2.513865
-2.618692,5.492675,-0.372555,0.205627,3.289988
-3.298842,5.149928,-1.757202,0.795291,3.248718
-2.600018,5.601708,-0.936281,0.821116,2.016349
-1.257104,5.585916,-0.822404,0.750614,1.910391
-0.680528,5.502624,-0.711466,0.501447,0.990853
-0.908249,4.948110,-1.770431,0.475405,0.593121
-0.674895,4.258503,-1.278443,1.143819,0.197135
0.358321,2.301535,-1.842981,1.627269,-0.562626
1.824122,2.319347,-1.464160,3.783326,-0.797422
0.279381,3.746641,-1.440159,2.644361,0.063295
0.667051,4.471432,-0.795161,2.518011,-1.022108
0.660957,3.540688,-0.926135,3.316849,-1.473133
1.608401,4.120166,0.292963,2.883814,-1.627456
2.100270,4.789882,0.713459,3.282156,-2.342317
3.407265,4.631760,1.720185,3.867433,-1.785189
2.341744,5.389359,2.061427,3.191908,-0.288201
4.169724,6.278797,3.009036,4.121509,-0.431484
4.120268,6.965030,3.455460,2.175246,-0.305698
4.156454,7.956515,1.580162,2.389582,0.732860
4.382189,9.560687,2.105684,2.582584,3.018062
5.589888,8.050440,2.571732,3.967323,4.016821
5.228887,8.497790,1.975975,4.485035,4.176483
4.507157,9.386751,0.759725,3.065060,5.633746
5.145937,8.641541,0.908996,1.567290,6.055536
4.368767,8.211048,0.931510,1.850341,7.070643
5.344365,8.431904,1.016914,2.414486,7.173478
6.724639,7.513318,-0.574388,2.344392,8.322618
6.807466,7.484297,-0.791541,2.511832,9.442058
5.110429,8.094545,-0.910990,4.995651,10.971933
4.670859,8.024762,-0.887112,3.777185,11.000601
5.585087,7.692062,-1.052543,4.900295,10.919394
5.376145,7.681527,-1.360075,5.138617,10.589120
5.977317,6.150300,-2.941253,6.686881,11.628223
5.534932,5.272406,-3.994420,8.041623,11.846017
6.513288,6.812552,-6.010299,9.121594,11.061085
6.253302,6.573274,-5.885986,10.082835,10.623364
8.229979,8.054762,-4.248327,9.614811,9.702381
8.959964,8.950143,-4.562103,9.597999,9.068916
8.025742,7.373166,-4.367345,10.792069,8.282409
8.378310,8.958715,-4.037343,10.310417,8.336580
6.967633,8.805924,-2.942873,12.375473,8.137402
6.674616,8.658172,-3.484538,10.481722,9.886983
6.879800,8.096552,-4.836242,10.773693,10.079459
8.312265,9.073842,-4.098431,10.644668,10.640015
8.176849,7.959119,-4.845627,9.114624,10.590669
9.044416,8.932235,-3.532642,10.216761,9.509235
10.087080,8.371272,-4.052163,10.483183,8.875788
8.444038,8.345398,-4.763987,10.789096,9.952532
6.512477,7.537417,-4.461589,10.623492,9.713611
5.182522,6.299907,-6.596941,11.326054,10.067618
4.496019,5.957300,-6.672770,10.344508,10.869633
3.307860,6.506192,-6.235743,10.055755,10.840005
2.184444,6.710358,-5.943412,9.950571,11.138772
2.327927,8.270717,-5.328910,12.021194,11.235738
4.078405,7.170687,-3.051548,11.993530,10.304521
5.129955,8.025219,-2.250302,12.755047,10.805291
4.795312,8.457304,-3.339743,13.108832,12.659340
5.818635,8.632040,-4.167085,13.034923,13.631025
3.597101,9.296673,-5.133411,13.882414,14.941274
4.419781,8.542856,-4.109201,12.889902,13.939622
4.251224,7.506530,-4.265984,12.855211,13.821965
4.951145,6.894569,-2.763349,14.016694,15.002671
5.800345,6.695824,-2.240925,13.474250,15.182037
5.714471,6.007217,-2.005423,15.009809,14.433196
7.021664,5.325830,-3.274041,14.010146,15.731558
8.563246,7.702355,-3.854594,13.096713,15.321467
9.871115,8.004390,-2.544562,13.192402,16.499410
11.888895,8.267898,-2.587050,12.630511,15.956131
13.394614,8.293833,-2.167103,12.030391,14.918619
13.588895,8.832594,-1.018848,11.926195,15.362956
14.406796,8.560237,0.998526,12.010659,14.094231
13.962093,9.169196,2.104508,13.760742,15.463217
14.263083,9.317204,2.657002,12.904763,16.444765
14.594506,9.067477,0.948589,14.288814,15.406586
15.137670,9.864473,3.001380,14.676145,13.194660
14.809977,9.791995,2.638761,14.772575,11.397740
15.407000,8.228075,4.294707,14.307162,12.026797
14.843161,8.206602,5.323816,14.068018,11.109216
14.970986,8.327936,3.964289,13.402079,12.258503
16.775701,8.855103,3.887206,13.295444,11.808609
17.682115,8.811675,3.899342,13.582130,14.136341
18.537552,9.154459,4.046165,14.681234,13.696153
17.183640,8.197960,2.784918,15.362055,14.732557
16.871606,6.600635,1.423437,15.486598,14.744503
17.249903,7.694652,-0.331704,15.837180,14.689933
15.762011,8.228049,-1.280883,14.501036,15.566595
16.559264,10.248022,-1.370106,15.821002,14.980843
15.109288,12.185068,-1.524667,15.524471,14.923837
14.195590,14.890525,-0.638008,14.909133,13.868176
15.032367,11.922819,-0.406516,13.876333,12.592133
13.249271,10.518034,2.306274,14.467426,12.461030
14.474870,11.716250,2.966247,12.429925,13.722596
14.152094,12.749235,3.438524,11.640951,12.440163
13.597052,13.016687,3.196428,10.529661,12.027063
13.093216,13.171797,5.884371,11.340413,12.174480
12.245377,12.621905,8.442358,12.698449,11.128210
11.916296,13.362777,7.833987,14.777862,9.052203
12.131070,14.394041,7.537992,14.960204,9.608842
11.578569,14.364889,6.433486,14.398984,11.022913
0.000000,14.554210,7.057114,14.333850,9.996958
0.000000,14.215776,0.000000,13.759979,10.944628
0.000000,14.130931,0.000000,14.385863,11.427728
0.000000,13.437988,0.000000,15.234169,10.232631
0.000000,14.277278,0.000000,15.527305,8.404577
0.000000,14.508334,0.000000,14.217918,7.948831
0.000000,15.774993,0.000000,14.257015,8.136911
0.000000,17.706946,0.000000,12.238791,7.312138
0.000000,17.346995,0.000000,12.250479,6.077076
0.000000,16.973479,0.000000,12.669966,7.033076
0.000000,0.000000,0.000000,13.335161,5.528052
0.288760,0.000000,0.000000,14.127456,6.274280
0.575268,0.000000,-0.520442,13.717968,7.293224
0.054523,0.000000,0.015655,15.932581,8.692133
0.756952,0.000000,-0.756458,0.000000,8.373399
2.905560,0.000000,-0.310629,0.000000,7.087563
4.388491,0.000000,-0.448568,0.000000,6.911114
4.302702,0.000000,-0.248145,0.000000,8.013648
1.669410,0.000000,0.739161,0.000000,8.340888
2.085824,0.000000,0.166655,0.000000,8.758763
0.265924,0.000000,0.976581,0.000000,0.000000
0.261848,0.069000,2.100690,0.000000,0.000000
-0.525040,-0.090849,2.368113,0.000000,0.000000
0.381748,1.203573,0.815117,0.000000,0.000000
-0.314983,0.444471,1.311213,0.000000,0.000000
0.553184,1.588283,3.779911,-0.484754,0.000000
1.039784,2.138615,4.349817,2.630260,0.000000
1.429231,1.219252,4.175797,2.401735,0.000000
2.186341,0.493600,4.637129,2.738317,0.000000
0.551514,1.974140,1.852512,2.892289,0.000000
1.356097,0.956691,0.146833,2.547306,0.000000
1.743027,1.504808,-0.769858,2.658270,1.324438
2.349741,2.336787,0.799663,2.503652,0.410192
3.168560,2.621934,0.798108,1.650022,0.128989
2.887824,0.718890,0.018019,1.746349,0.235027
3.715055,0.191358,-0.580638,3.037566,0.278440
4.988346,-1.508571,-1.644660,3.325685,-0.153085
4.592933,-1.208187,-1.507009,3.911298,-1.737020
4.420175,-0.327111,-1.761026,4.547013,-2.192772
5.162904,0.038404,-2.428901,5.088561,-1.702811
5.201774,-0.474914,-3.515415,4.549099,-1.289563
6.186194,-0.125351,-2.474046,3.540271,-1.442938
6.124972,-0.538097,-2.001267,4.333096,-1.316923
5.253852,-1.060370,-2.071151,3.980706,-1.763311
5.489543,-0.862678,-2.129472,4.580439,-0.749273
6.686753,-4.114793,-4.808389,4.225618,-0.767742
6.265348,-3.891701,-4.426201,5.132433,-1.238462
7.291476,-4.700512,-2.723217,7.000260,-0.851515
6.158558,-2.959286,-3.794873,6.543466,0.305193
5.378709,-3.904477,-3.223580,6.565915,0.460270
5.514154,-4.336321,-3.672847,6.302725,-0.686478
5.722926,-4.374967,-4.088027,6.550908,-1.862498
7.091042,-3.864537,-3.465007,8.799042,-0.833666
7.943773,-2.409227,-3.370580,10.551515,0.004192
8.139431,-0.370569,-0.480774,11.399356,-2.040960
8.769047,-1.254196,-0.545465,11.029688,-1.546794
9.186816,-0.586979,0.394871,10.515774,-1.596360
10.223597,-1.189852,0.491227,11.295002,-1.957385
9.935997,-1.569626,0.438641,11.814052,-0.991936
9.440702,-1.263032,0.592572,11.043549,-0.203153
9.362757,-1.722973,1.184291,11.721830,-0.023464
9.319330,0.210605,1.716765,11.553674,0.706814
11.201417,1.444434,1.949294,13.189933,0.410759
10.518732,1.341130,2.155825,12.444212,-0.297530
11.010270,0.581946,2.251857,14.616330,-1.650720
10.701706,2.970725,3.360285,15.301643,-1.293724
12.425012,3.216573,3.613057,15.137996,-2.097002
11.563137,4.629849,4.227193,14.736321,-2.845431
12.939025,5.475678,6.118457,15.957900,-1.912172
12.554248,6.179539,5.701134,14.280521,-1.719061
12.512790,5.287422,7.309171,13.555520,-1.281152
14.313351,6.714775,6.615484,12.268445,-1.481486
14.475333,6.637636,6.614765,13.002831,-0.032389
14.739181,4.961676,5.206476,12.782280,1.418471
13.773294,5.459578,3.724385,13.653917,2.008811
12.029163,7.028560,4.393738,14.800541,2.351033
12.808144,7.041748,3.144272,15.398431,2.959542
12.258741,8.664668,3.132921,15.723703,3.325031
12.596373,9.611779,3.880830,15.884516,5.385886
13.183412,9.783545,4.966856,17.744281,5.569410
13.862046,10.657644,5.656123,16.813812,5.964184
14.038946,9.997053,6.412875,17.122375,3.482055
15.376206,9.957649,5.922969,18.208190,3.076503
14.428704,10.904390,5.205813,17.620866,4.275717
14.898873,12.549133,5.447995,18.777926,4.232897
13.771227,13.725654,4.186364,20.772105,4.734060
15.372324,12.533507,4.623990,21.805419,4.196532
15.427950,12.106480,3.997883,19.757414,4.760246
16.066228,12.334801,4.934372,17.888963,6.729162
17.004684,14.427623,5.610188,18.049009,7.549154
17.131416,14.508362,3.798511,19.867317,6.067340
15.913481,13.957883,5.850114,19.933143,6.160220
16.014512,13.677813,6.544599,19.969983,4.689226
14.814663,14.902060,7.365347,19.466072,4.834372
16.067976,15.276843,7.690722,19.005313,6.146917
16.354501,14.496229,8.071777,17.500837,5.633784
16.322232,13.161792,7.270105,17.075941,8.514542
15.722753,13.533215,7.934150,18.454907,8.662264
15.834548,15.711089,9.976054,18.121692,9.257842
16.042843,16.337955,9.091324,18.248680,9.786214
16.412197,15.647294,10.897439,16.133818,8.275496
17.070423,15.635048,10.924669,19.330444,8.286902
16.848488,15.352685,10.907060,21.944605,6.870198
16.810790,15.476257,11.565582,22.249849,5.517123
17.659992,15.938824,11.261934,21.098257,5.035644
17.797288,14.988357,11.194353,20.521732,4.689868
18.001427,12.425516,11.037782,21.126172,4.687359
17.222170,11.672912,11.881860,21.625297,5.978081
16.800211,12.087051,11.203951,21.634886,7.137691
18.405779,11.397159,11.404212,21.794666,7.134124
20.148456,12.351998,11.377293,21.387601,5.727941
21.057085,13.046281,10.643978,22.182940,5.634379
20.133316,12.799028,12.342301,22.653694,3.169263
20.722630,11.280692,11.715411,21.338845,3.447541
20.536438,10.454430,11.970901,19.987143,4.394912
19.405598,9.809852,12.519791,19.857168,2.967971
19.322374,9.013943,11.689038,20.631014,3.468737
19.774350,8.070506,10.999558,19.077817,1.135544
19.977886,7.516124,9.400107,19.412341,1.057899
20.461638,7.821020,10.603822,20.701094,1.694024
20.236795,7.981615,11.435475,21.183618,2.031827
20.633116,10.213303,11.146889,21.605397,2.596016
21.926313,8.486219,11.218244,23.056563,1.036716
23.307301,9.106077,10.894434,23.013819,1.471420
22.672483,9.718756,11.403581,22.145882,1.127362
23.575101,8.121053,10.419863,22.453436,1.938499
24.014578,8.321809,9.948634,22.730539,0.731511
24.608529,8.910140,9.876877,23.112023,0.850438
24.886799,9.462624,11.611265,23.376003,3.135236
25.906066,10.294588,12.847377,24.200393,3.798968
26.642792,11.421223,15.011637,23.325414,3.512740
26.896003,13.261189,13.370757,24.169863,2.567307
26.538858,13.329292,14.524270,24.676620,2.059946
0.000000,12.782962,15.169006,23.816483,-0.137274
0.000000,11.753297,13.864473,22.998630,0.888471
0.000000,11.742852,13.816140,23.842078,1.101875
0.000000,13.053443,14.884543,23.068233,1.100507
0.000000,13.046112,15.435903,22.718330,2.589945
0.000000,11.761945,15.155363,23.987334,2.460807
0.000000,10.675990,14.738133,24.528058,2.877580
0.000000,10.019648,0.000000,26.057231,2.096817
0.000000,0.000000,0.000000,26.291238,3.889518
0.000000,0.000000,0.000000,26.301297,3.208760
0.000000,0.000000,0.000000,26.708882,1.593527
-0.028005,0.000000,0.000000,0.000000,-0.566435
1.144254,0.000000,0.000000,0.000000,0.310246
-1.950659,0.000000,0.000000,0.000000,2.642197
-3.533997,0.000000,0.000000,0.000000,3.341582
-1.728941,0.000000,0.000000,0.000000,4.589301
0.153781,0.000000,0.000000,0.000000,0.000000
-1.852648,0.000000,0.000000,0.000000,0.000000
-2.152455,0.000000,0.297995,0.000000,0.000000
-2.129045,0.033086,0.893187,0.000000,0.000000
-3.129252,-1.076024,2.376144,0.000000,0.000000
-1.997695,-1.880441,2.365681,0.000000,0.000000
-1.204870,-2.507942,2.136054,1.057830,0.000000
-1.767292,-2.979512,2.619475,1.563669,0.000000
-2.961837,-1.583680,1.639840,2.247601,0.000000
-3.585623,0.247598,2.824971,4.224900,0.000000
-4.339369,-0.558807,0.822344,4.371854,0.000000
-3.945144,-0.386874,1.856726,5.739796,-0.152255
-3.478824,1.139754,1.473610,4.862182,0.496167
-1.515330,0.148419,2.518614,5.177724,0.546753
-1.256118,-0.804669,1.902147,6.019137,-0.723600
-1.215382,-0.045741,1.819428,6.076390,-1.159264
-0.132169,-0.459903,1.997698,8.754176,-1.836048
-1.466157,-0.181471,0.726270,9.120836,0.533840
-0.275244,-0.392719,1.441632,9.398596,0.194099
1.100749,-0.977651,-0.355037,9.440649,0.423461
1.769822,-1.950018,-0.570402,9.446312,0.921373
0.526746,-1.307497,-1.714800,9.183478,1.616975
0.399064,0.259655,-3.200144,8.836724,1.563344
-0.953732,1.170438,-1.956098,9.131063,1.596038
0.050701,0.732712,-1.560476,9.234757,3.032153
1.371691,0.630856,-0.603669,9.129984,2.667049
1.365231,0.786373,-0.072098,8.966243,2.921931
0.650237,0.529629,-0.906368,9.919494,1.378313
1.235921,0.416852,-1.271193,8.814649,2.058604
0.204279,1.938910,-1.824109,9.181948,2.725999
0.224122,3.032870,-1.569150,8.990090,2.845899
-0.784689,4.149045,-2.444368,8.376456,2.519156
-1.079334,4.638495,-1.295887,10.335131,0.755647
-0.392055,5.720986,-1.485763,11.253336,2.442585
0.112679,4.616089,-1.148416,10.657482,0.271127
0.478838,4.479248,-1.783375,11.935017,-0.599446
1.010442,4.893623,-2.173082,11.934094,-1.099568
1.337140,4.632061,-1.938747,11.787987,-0.643829
1.637373,4.568176,-2.682097,10.066633,0.344143
4.229581,4.995642,-1.370998,10.791179,0.244486
3.949853,4.742139,0.215259,10.703180,-0.347226
3.706386,3.597711,0.505713,10.300554,-1.767478
3.874628,3.393921,2.294603,9.298787,-0.962720
0.000000,5.030085,3.180751,8.647631,-1.868367
0.000000,3.637478,3.050983,8.975898,-2.386211
0.000000,5.094388,0.000000,9.993448,-3.903541
0.000000,5.223661,0.000000,9.283121,-2.581991
0.000000,3.642873,0.000000,9.695089,-1.954075
0.000000,3.509184,0.000000,11.802484,-2.892776
0.000000,3.130652,0.000000,11.918165,-3.920333
0.000000,0.000000,0.000000,11.240258,-2.256129
0.000000,0.000000,0.000000,0.000000,-1.350604
0.000000,0.000000,0.000000,0.000000,0.000000
0.000000,0.000000,0.000000,0.000000,0.000000
0.000000,0.000000,0.000000,0.000000,0.000000
0.000000,0.000000,0.000000,0.000000,0.000000
0.000000,0.000000,0.610362,0.000000,0.000000
0.000000,0.000000,2.280968,0.000000,0.000000
0.000000,0.000000,1.187919,0.000000,0.000000
0.000000,0.000000,2.159343,0.000000,0.000000
-0.896123,0.000000,2.632347,0.000000,0.000000
-1.796580,0.000000,2.818000,0.000000,0.000000
-2.744965,0.518718,2.729561,0.000000,0.000000
-0.928640,2.331898,1.609291,0.691443,0.000000
-0.681333,2.995291,3.988331,1.281223,0.000000
-2.164458,1.434697,2.629019,1.473961,0.000000
-2.455912,2.300837,1.910266,1.665589,0.000000
-2.422452,0.476095,1.758165,2.776107,-0.510737
-3.637686,1.042918,1.613816,2.173989,-0.549059
-3.653114,0.962895,1.353909,2.894712,1.029107
-4.401940,-0.281711,1.401156,1.861950,2.309954
-7.029663,-0.229154,2.512152,3.567564,3.729226
-5.817897,-0.211266,4.205980,4.504394,4.626349
-6.400362,1.037828,3.982086,4.187473,4.136308
-6.826169,0.134258,4.338199,5.911653,4.224216
-7.068576,0.374975,3.527256,6.643494,3.590331
0.000000,0.689031,3.367666,4.507599,2.692997
0.000000,-0.743130,3.746901,4.257464,3.525384
0.000000,-1.443270,2.819691,4.074000,3.789406
0.000000,-0.689314,0.000000,3.695193,3.977343
0.000000,1.051273,0.000000,5.113692,4.037326
0.000000,1.010595,0.000000,4.577377,2.525929
0.000000,0.000000,0.000000,4.454544,2.740824
0.000000,0.000000,0.000000,5.219574,1.942719
0.000000,0.000000,0.000000,5.862688,3.024519
0.000000,0.000000,0.000000,0.000000,4.388325
0.000000,0.000000,0.000000,0.000000,0.000000
-0.624303,0.000000,0.000000,0.000000,0.000000
-0.584326,0.000000,0.000000,0.000000,0.000000
-0.962466,0.000000,0.000000,0.000000,0.000000
-1.058595,0.000000,0.663218,0.000000,0.000000
0.000852,0.000000,2.423224,0.000000,0.000000
-0.007216,0.000000,3.071909,0.000000,0.000000
0.390261,-0.380135,4.471544,0.000000,0.000000
-0.756121,-1.520488,5.671868,0.000000,0.000000
-0.651654,-2.463282,6.098307,0.000000,0.000000
-1.287902,-3.090535,6.376709,1.141636,0.000000
-0.531777,-2.915208,5.407919,2.937417,-1.766220
0.161791,-3.071991,4.823601,2.838418,-2.919818
1.462684,-1.227619,5.851846,3.172037,-1.179992
-0.438289,1.624215,6.652634,4.160998,-1.490362
0.803751,1.697859,7.363281,5.862473,0.003042
2.211275,0.285807,6.680107,5.206376,1.394730
1.801775,2.122036,6.062813,4.984332,0.525620
-0.021266,1.589303,7.254083,6.434384,1.345999
-2.434860,0.561132,6.894106,8.565202,0.916442
-2.776358,-0.452248,9.416856,8.882314,1.427801
-1.869345,-1.294806,10.885424,9.826530,2.624407
-2.595912,-1.501156,10.705290,8.476799,2.074391
-2.176963,-1.783932,10.459328,8.290775,1.121875
-1.888411,-2.157793,11.887963,6.983754,2.688608
-1.938752,-1.318844,12.819636,4.834970,3.635983
-2.162404,-0.098717,11.743980,4.111987,2.808971
-1.140348,0.999669,12.676990,4.713950,2.005005
-2.859446,0.921648,12.872880,4.774324,3.681442
-2.917413,0.151958,15.305261,2.973845,4.916341
-2.449736,0.163992,14.744438,1.021915,6.327993
-1.376434,1.026051,14.667405,0.289328,4.101343
-2.377201,1.907953,14.370674,2.179343,3.681583
-2.826132,0.728482,14.879908,3.239781,3.274210
-2.077500,1.194807,13.156989,2.877158,3.868965
0.000000,1.059024,13.398965,2.450922,3.692785
0.000000,-0.345215,12.550527,2.077889,2.085352
0.000000,-2.181246,13.229288,2.535362,3.264082
0.000000,0.000000,12.213997,2.720394,4.799628
0.000000,0.000000,13.330087,2.979307,4.628206
0.000000,0.000000,14.198124,0.000000,4.581534
0.000000,0.000000,15.646475,0.000000,5.687913
0.000000,0.000000,16.220923,0.000000,6.067036
0.000000,0.000000,15.226240,0.000000,5.144830
0.000000,0.000000,13.899869,0.000000,7.710298
0.000000,0.000000,12.504538,0.000000,0.000000
0.433410,0.000000,12.231655,0.000000,0.000000
-0.341817,0.000000,11.823154,0.000000,0.000000
-0.493308,0.000000,13.167369,0.000000,0.000000
-1.035436,-0.619581,14.835300,0.000000,0.000000
-2.102227,0.224537,15.076643,0.000000,0.000000
-2.475094,-0.085948,14.411928,1.307879,0.000000
-2.097578,-0.421303,15.312966,0.666670,0.000000
-3.162492,-0.379249,16.545471,0.986293,0.000000
-4.291394,-1.959912,15.936676,1.659399,0.000000
-5.193544,-0.474549,16.148824,2.926925,0.000000
-4.205275,2.765112,14.500877,3.651902,0.766854
-2.274374,1.620338,14.962254,3.121746,0.818208
-3.692738,1.855353,14.950323,3.843642,0.372077
-3.356758,3.694431,14.453808,5.491933,1.365725
-4.284391,3.556421,14.663044,6.912067,1.323331
-5.394417,1.356700,14.366641,8.076385,0.762012
-3.521390,2.331381,13.554102,8.670718,0.362804
-1.847182,3.460483,12.548805,10.464686,0.421939
-1.560939,3.401071,13.544332,11.138893,1.698697
0.153774,3.999207,12.948411,9.509477,2.797531
0.156817,5.079603,12.150487,9.471961,2.631465
0.282079,5.187548,12.886735,8.896651,3.430483
-1.197798,6.503138,13.584025,7.921175,3.596196
-0.713967,7.978906,14.430679,9.520966,4.138615
-0.647947,9.136113,16.108898,7.233188,3.610287
2.097840,9.645713,17.336633,6.818579,2.381185
2.286955,9.796068,15.329114,5.962871,1.109704
3.096168,10.088405,13.771727,6.155315,3.033696
1.522952,10.723098,13.400682,5.801207,2.821456
0.799171,11.101736,12.808551,4.935451,1.209662
0.589526,11.927397,11.682313,5.607590,1.848741
-0.025089,12.999758,11.799623,5.708891,0.949234
-0.358592,12.583932,12.065401,5.039522,1.350930
2.412448,11.478163,10.812386,4.981682,0.984944
0.336742,11.015522,9.537679,3.438837,2.033485
1.390666,10.481616,9.512472,4.285183,1.631742
1.149241,10.720122,8.419047,3.872666,1.550114
0.645897,10.265964,9.058524,4.887539,2.853675
0.261656,9.978176,10.111174,5.107068,2.727598
0.226960,11.690511,11.082597,4.472979,1.428124
0.450127,10.357893,13.337844,4.212945,2.000624
-0.568293,9.796886,12.883472,6.020941,3.996909
0.255851,10.750546,11.000950,7.422803,3.556037
0.565730,10.268333,11.813819,8.285773,3.078427
-0.305432,10.894570,10.964790,8.711064,2.707732
-0.176021,9.040364,11.039756,8.421447,4.333731
0.147306,10.774796,11.400298,9.273956,5.274109
0.130676,11.165000,10.642658,8.612533,4.658017
0.821830,10.333130,10.475002,7.662550,5.095623
0.270813,9.957889,10.841248,5.447454,5.622387
0.707440,9.635782,14.192627,6.030335,5.498960
0.080075,8.354290,13.379542,5.449202,5.546272
-0.969253,8.596299,12.945415,6.046699,4.425150
-0.090571,8.313017,13.554623,5.342257,5.195850
1.484215,7.089878,14.476576,4.855476,5.087963
1.121945,7.549221,14.677716,4.591702,4.605650
1.502682,7.014731,15.479239,5.247791,5.924513
1.353097,6.137447,14.367006,3.679689,5.405878
1.294622,6.569185,14.581819,3.059948,6.851548
2.840235,5.923154,14.507840,0.679311,5.985167
3.384806,6.337275,13.240618,-0.125318,7.068428
3.979229,7.012546,14.590535,1.305979,6.540335
0.000000,8.654062,13.834524,0.255589,7.170371
0.000000,8.906067,13.435437,0.693277,7.565216
0.000000,9.072800,11.965879,-0.275945,8.664168
0.000000,9.435773,10.370241,0.724436,9.709628
0.000000,11.178241,10.871012,1.545673,9.823941
0.000000,12.401604,11.417617,1.636866,9.138869
0.000000,11.522757,11.913891,0.151788,7.921729
0.000000,10.280335,12.057191,1.145997,9.683520
0.000000,10.170367,10.766359,1.361335,9.345968
0.000000,9.212784,11.035995,2.923266,8.231167
0.000000,9.134372,0.000000,3.131856,8.499657
0.671721,8.818693,0.000000,2.945374,7.678296
-0.215838,8.253668,0.000000,2.837375,7.901436
2.238491,10.915997,0.000000,3.598374,5.953146
1.675198,13.040800,0.000000,2.390578,6.798457
-0.938341,15.001307,0.000000,3.532556,6.911949
0.372502,15.714660,0.000000,3.617797,6.491518
0.759767,16.127591,0.000000,3.556356,8.552646
1.385504,14.600055,0.000000,2.643199,9.237153
0.000000,13.561662,0.000000,2.898042,9.192899
0.000000,14.038671,0.000000,2.492031,11.147875
0.000000,14.191158,-0.409267,1.702645,9.813576
0.000000,15.666223,0.671995,1.542506,10.380127
0.000000,16.645089,2.888388,0.535041,9.716417
0.000000,16.548323,3.230402,-0.188615,8.966516
0.000000,16.361554,3.778437,-0.666002,9.981260
0.000000,16.672702,5.921587,-0.637280,9.735859
0.000000,16.172132,5.438530,-0.118258,8.533737
0.000000,15.474989,0.000000,0.664544,9.307915
0.000000,0.000000,0.000000,1.612188,9.428835
0.668139,0.000000,0.000000,2.510010,8.250170
0.423048,0.000000,0.000000,1.643936,7.804596
0.882949,0.000000,0.000000,1.463831,9.360928
2.103985,0.000000,0.000000,2.382619,0.000000
3.352436,0.000000,0.000000,2.062749,0.000000
2.937718,0.000000,0.000000,2.068215,0.000000
2.121474,0.000000,0.000000,3.230723,0.000000
0.672625,0.000000,0.000000,2.761079,0.000000
-0.342498,0.000000,0.000000,0.000000,0.000000
1.563071,0.000000,0.448575,0.000000,0.000000
2.361523,1.278338,3.040881,0.000000,0.000000
1.953031,0.817629,3.054418,0.000000,0.000000
1.343440,-0.532567,4.306237,0.000000,0.000000
1.395520,-2.046502,2.335686,0.000000,0.000000
1.724739,-0.389806,3.642742,0.000000,0.478729
0.466323,-0.794081,3.995378,0.000000,0.491786
-0.408656,-0.345403,5.331643,0.000000,1.680947
0.063167,-1.423976,4.079738,0.000000,2.984529
0.949920,0.595052,3.663248,0.000000,3.605525
2.149409,1.254605,3.464903,-0.606423,3.895098
2.152038,0.680627,4.506563,-0.727186,5.052735
2.463121,-0.066869,7.501053,-1.693696,6.138181
2.415392,-1.767808,7.460238,-2.045026,5.843336
2.425257,-0.785700,7.493160,-0.438013,7.997692
2.547858,-1.603513,7.905713,0.254342,6.583679
3.176642,-1.085705,7.293526,1.271900,7.550965
4.280684,-0.254702,6.450023,-0.603512,8.995101
5.716570,0.350147,5.585169,-0.517248,7.724548
5.569918,1.413649,8.170695,-1.200413,7.711870
6.353637,1.696311,7.435927,-1.311750,8.794911
5.740975,0.651427,7.595689,-0.183109,8.769700
6.419884,1.628386,7.740447,-0.681906,8.031681
6.778159,1.523417,8.792352,-1.092388,7.829862
5.250815,2.961388,8.755771,-1.529543,6.628391
4.785962,3.577288,9.246120,-1.440996,7.498953
4.433034,4.119367,9.778662,-3.044142,7.936878
5.074486,4.753580,10.268440,-2.996980,7.226808
5.411451,4.361035,10.874673,-1.599097,6.913537
0.000000,5.874467,11.253883,-1.509921,6.552353
0.000000,5.306148,10.058401,-2.418813,5.252714
0.000000,6.631159,8.926069,-1.706872,5.212473
0.000000,6.663810,9.295669,-1.817495,4.410337
0.000000,7.790436,8.681761,0.914535,4.390101
0.000000,6.274238,9.371787,-1.119807,2.355185
0.000000,5.672000,9.178465,0.461861,1.800517
0.000000,5.118486,9.859359,0.605952,3.100628
0.000000,0.000000,0.000000,0.201065,5.316888
0.000000,0.000000,0.000000,-1.491011,5.027314
0.000000,0.000000,0.000000,-1.306088,4.105480
0.137557,0.000000,0.000000,-2.051947,4.417604
1.590339,0.000000,0.000000,0.070648,5.733573
1.465673,0.000000,0.000000,0.000000,6.036359
0.682167,0.000000,0.000000,0.000000,6.191449
-0.601872,0.000000,0.000000,0.000000,5.583943
-1.283296,0.000000,0.000000,0.000000,4.117531
-0.137203,0.000000,0.000000,0.000000,3.848803
1.759985,0.000000,0.000000,0.000000,4.308633
0.841646,-1.782879,0.116948,0.000000,4.872143
-0.531038,-1.234612,-0.073772,0.000000,3.886749
-0.916653,-0.520150,-0.327328,0.000000,3.537800
-1.515530,-1.700046,-2.263315,0.000000,1.736785
-0.777104,-2.221016,-3.012242,0.000000,1.980667
-2.548565,-1.160277,-2.024382,1.175086,0.844119
-3.515472,-2.252531,-0.884617,1.618458,1.911831
-2.757063,-2.264246,-0.485808,0.613889,2.071024
-3.527074,-2.611645,-0.165289,2.687277,2.353656
-4.501381,-1.375635,-0.937809,2.715279,1.770029
-5.004839,-2.990020,0.420571,3.682164,4.571725
-3.850927,-3.697369,0.322590,2.866247,3.476148
-5.230315,-1.654932,-0.894430,3.765380,3.578071
-4.911584,-1.848521,-1.058206,4.962007,4.420736
-5.314075,-2.388875,-1.559173,5.785152,5.594072
-6.696384,-2.098144,-0.347207,5.011348,7.404711
-5.859046,-1.693495,-0.686970,2.944040,6.803219
-5.792748,-2.245795,0.219837,2.210118,7.473018
-5.057851,-1.410242,-0.085239,1.594579,6.990033
-6.064358,-2.282611,-0.398276,1.278512,4.876639
-6.303878,-3.231128,-0.711386,1.329329,6.306032
-4.789729,-1.759157,-0.027034,1.596391,6.280050
-3.941636,-2.682218,0.279880,0.697222,5.872907
-3.472741,-2.310885,-0.753495,0.955491,7.042331
-3.131243,-3.376818,-0.354614,0.494050,7.682575
-3.841837,-3.459275,-2.142201,-0.787454,7.426371
-4.631114,-4.391627,-0.760286,-2.263485,5.374649
-3.759006,-3.727731,-1.934358,-3.179164,6.472846
-2.144166,-4.254739,-2.185746,-3.522728,5.334786
-2.166661,-3.193064,-0.254516,-4.039968,6.987322
-1.224122,-3.776266,1.540416,-3.385922,8.153406
-1.842817,-3.893595,2.892023,-4.235840,7.589212
0.000000,-1.778645,4.228974,-5.538747,9.870972
0.000000,-1.299020,3.481652,-7.089232,8.894886
0.000000,-1.901717,3.490666,-5.022064,7.919599
0.000000,0.000000,3.119094,-5.197375,7.838507
0.000000,0.000000,5.626114,-4.113752,8.383974
0.000000,0.000000,6.454645,-4.239961,9.174450
0.000000,0.000000,0.000000,-3.815028,10.898565
0.000000,0.000000,0.000000,-3.252258,0.000000
0.000000,0.000000,0.000000,0.000000,0.000000
0.000000,0.000000,0.000000,0.000000,0.000000
0.000000,0.000000,0.000000,0.000000,0.000000
-0.416065,0.000000,0.000000,0.000000,0.000000
0.435045,0.000000,0.000000,0.000000,0.000000
0.240668,0.000000,0.000000,0.000000,0.000000
-0.838990,-0.691695,0.000000,0.000000,0.000000
-1.569893,-1.938093,0.000000,0.000000,0.000000
-2.054562,-1.844596,0.000000,0.000000,0.000000
-3.999884,-2.939135,0.802338,0.000000,0.000000
-4.842105,-3.107532,-0.069189,0.000000,0.124312
-4.846286,-2.558529,0.959455,0.024810,0.032624
-3.564416,-3.010056,-0.000740,-0.289593,-1.026678
-2.903625,-2.329729,1.333271,-1.687739,-1.550623
-3.420735,-3.087040,2.478366,-1.047293,-1.567976
-3.564719,-3.947359,3.125186,-1.840440,-0.910135
-4.834073,-2.681598,5.033033,-3.225902,-0.805847
-4.055483,-1.395065,4.654936,-3.635345,-1.198153
-4.603861,-0.926099,6.576724,-2.866342,-0.980923
-2.978899,-3.093148,6.442243,-3.916698,-1.734196
-2.092230,-2.860907,5.535658,-5.349278,-0.361382
-3.375897,-4.636384,7.670854,-3.365154,-1.590575
-2.298210,-4.675116,9.340506,-0.653626,-1.848741
-3.793827,-3.903528,8.564009,-0.830025,-1.618197
-2.885506,-4.615623,8.414945,-0.844038,-2.083761
-2.050392,-4.305261,7.082431,-1.617508,-3.990121
0.000000,-5.492253,6.430563,-1.220871,-4.992932
0.000000,-6.065440,6.971005,0.620067,-6.523854
0.000000,-5.956225,6.617500,1.016851,-6.569113
0.000000,-8.107318,0.000000,2.153822,-6.772091
0.000000,0.000000,0.000000,3.072344,-6.587287
0.000000,0.000000,0.000000,2.021063,-6.055189
0.000000,0.000000,0.000000,2.478691,-5.266250
0.000000,0.000000,0.000000,2.913771,-3.289831
0.000000,0.000000,0.000000,2.967601,-4.197391
0.000000,0.000000,0.000000,4.074024,0.000000
0.000000,0.000000,0.000000,4.584443,0.000000
0.875451,0.000000,0.000000,4.749027,0.000000
0.768844,0.000000,0.000000,0.000000,0.000000
-0.088481,0.000000,0.000000,0.000000,0.000000
0.568761,0.000000,0.667938,0.000000,0.000000
1.020172,-0.044674,-0.292913,0.000000,0.000000
1.665208,-0.188044,0.115686,0.000000,0.000000
1.238989,-0.619450,0.128325,0.000000,0.000000
0.272308,-1.842724,-0.678385,0.000000,0.000000
0.056553,-1.451497,-0.429328,0.000000,0.000000
0.021648,-1.252058,-1.246475,0.000000,0.457673
-0.281776,-1.836122,-1.235876,0.000000,-0.231949
-0.323755,-1.141778,-0.579915,0.000000,0.576694
-0.811915,-2.254269,-0.541065,0.409795,0.829384
-3.402426,-0.663421,-0.940593,1.342621,2.155058
-2.286188,-0.936284,-0.484220,0.994901,3.261830
-1.614120,-1.795522,-1.505550,2.281963,3.376032
-0.613907,-1.763518,-1.525802,1.610505,3.038985
-0.920805,-2.985535,-0.925590,2.156045,3.137404
-0.382803,-3.520025,-0.725910,1.824074,2.579061
0.286971,-2.103165,-1.637289,1.440080,3.373413
-0.163686,-2.320502,-1.086755,2.238814,5.272692
0.766936,-2.468339,-0.900920,0.158716,6.823619
1.585221,0.283823,-0.570337,0.853940,7.491392
1.765370,1.739979,-0.491299,-0.105761,9.180763
1.894043,1.756663,-0.457104,0.427609,10.223277
1.284957,2.938779,1.414763,1.030551,9.970683
0.025801,4.162834,2.138312,1.819948,9.196261
0.399628,5.306245,1.972015,1.835677,10.338010
0.594825,5.587089,0.706327,2.951028,10.120321
0.041875,6.238227,0.355844,3.391824,9.601446
-0.226312,7.776132,1.759388,4.581261,10.095012
-1.059854,8.226738,1.786488,5.784878,10.106174
0.634184,7.893529,2.271203,4.354802,11.084057
1.575351,8.919867,2.730779,4.887405,10.278814
1.864987,7.194462,2.472814,3.859596,11.512445
5.220617,5.454207,3.236007,5.442138,11.048640
3.594306,4.552796,4.855701,8.619897,11.542930
3.384603,4.971313,5.972121,9.292187,12.178397
2.676391,5.499490,4.077949,9.407735,12.321454
1.582561,5.703258,4.000984,8.464318,12.741359
2.154559,5.517045,5.267417,8.584747,12.605530
1.550308,4.711595,5.284190,9.560809,13.533887
2.097449,3.647569,6.229698,8.118089,15.091988
0.698689,3.253189,5.909080,9.521504,14.398845
1.549084,2.168878,6.274677,9.605946,14.797343
1.269107,1.914403,6.426176,9.680954,14.234759
1.338390,2.648739,6.416889,10.124068,14.709166
0.577196,3.765050,7.528647,9.096605,14.104130
0.719883,4.393348,8.911321,10.348450,15.741202
1.758196,4.388925,8.855024,11.389191,16.664714
1.227393,2.751099,9.431721,10.967431,16.479339
2.758894,3.032233,9.464238,9.193414,16.055908
2.690745,2.941179,9.105806,11.289744,14.596038
2.024172,2.877244,8.101088,11.878855,14.517285
1.993092,3.051834,8.247459,12.029743,14.210290
4.114587,2.759503,6.998232,10.248612,12.831784
4.124625,2.915675,7.271366,9.167850,13.543831
3.322588,2.081815,5.684273,9.473788,14.063738
5.065211,2.066858,6.646920,8.934124,14.405535
4.477795,1.554973,7.289391,9.777597,13.733638
6.141518,2.047322,8.609186,9.477194,15.074343
6.758457,1.861178,6.897986,8.809552,16.284940
7.638810,1.979992,7.342091,8.754540,16.999653
8.509759,4.206386,9.206314,9.263517,18.527951
6.125233,1.945726,10.785051,8.849906,18.421213
5.976792,0.892599,10.973759,10.068094,18.618746
5.379298,-0.289170,10.668874,9.052867,18.406568
6.540224,-0.297719,12.181105,9.186538,20.565645
7.539042,1.844836,11.606055,8.899918,21.771716
6.341621,1.963661,11.088479,8.550769,20.814540
7.133281,1.778000,10.067418,8.654781,21.924736
6.778115,1.944752,8.203084,10.351670,22.791080
6.295283,2.673357,8.156767,8.941779,23.860299
5.803133,3.061251,8.505073,10.150256,24.799142
7.252981,3.729903,8.086776,8.607713,26.026818
6.997904,4.536125,6.282836,8.710953,25.505147
5.637824,3.874789,6.096030,8.232417,24.892737
5.123893,3.748285,6.654130,7.073946,25.412096
3.795740,3.156075,6.057610,6.330556,26.797560
5.071200,3.525542,6.746600,4.129990,25.926110
4.762560,2.880282,5.945447,1.779911,25.245471
5.446553,1.327917,5.837725,1.317933,25.492467
4.569173,0.276753,5.794618,-0.035344,24.328182
3.621620,0.630770,4.636259,0.970725,24.634651
3.794378,0.277031,4.088277,2.145015,22.663362
4.110884,-0.242726,2.890753,1.272902,22.269639
4.395295,-0.654413,3.127045,0.377721,20.678402
5.181571,0.029177,2.739433,0.584484,21.016212
7.839021,-0.659332,2.598334,1.984117,19.205133
6.992310,-0.244512,2.625860,2.123466,18.141203
6.686322,-1.069925,1.755103,4.706027,16.365451
5.922627,-1.600262,0.776736,3.262741,18.112000
6.236370,-2.837073,-0.829466,5.047074,18.786419
6.300675,-3.321933,-0.987820,5.418201,19.334729
8.493247,-2.293638,-0.590716,6.978512,19.929980
8.180759,-0.639371,-1.370699,6.853935,20.061270
10.466848,-0.132763,-0.050887,7.677956,20.566900
10.913232,0.507387,0.658532,8.185502,20.865565
11.715413,-1.367922,0.290841,7.121924,21.863267
11.426336,-0.600962,1.064835,6.626371,21.769968
11.637871,-0.669413,2.071648,6.662889,23.058344
13.833660,0.343990,3.319746,7.521592,21.636944
13.802644,0.762973,3.401748,7.988524,22.623083
14.986781,1.447031,4.226826,8.005303,23.677936
14.792773,0.829365,2.463350,8.104193,21.011561
14.457956,0.973359,1.300089,8.302978,20.542665
15.446606,2.180024,0.340752,8.455121,21.621738
16.022466,3.142485,0.268590,7.954187,21.682802
15.685988,3.362148,0.162987,7.030283,20.960994
15.802293,2.574340,0.941025,7.204381,22.274096
18.481100,5.521219,2.530846,6.204718,22.707004
19.916621,4.916187,2.061309,4.361450,21.713336
20.936795,5.864513,3.230708,3.638741,21.545084
19.871858,7.538829,3.719154,2.730292,20.611372
17.766864,8.135294,2.937984,4.291914,20.302462
17.387695,6.402504,2.840491,5.575280,19.558063
17.150845,6.378869,2.123507,6.364029,20.552435
17.134129,6.366652,1.583311,7.031665,22.506059
17.356655,7.458847,0.685926,6.861085,22.527088
15.142335,8.632724,0.067027,7.303345,22.412342
16.904119,9.010669,-0.853666,6.537025,23.201747
15.587905,10.140438,-2.219758,6.273847,23.049098
0.000000,9.780056,-2.560301,6.191122,22.870781
0.000000,7.759053,-3.332731,5.497508,22.834041
0.000000,7.405518,-4.380530,4.656623,23.626908
0.000000,7.313800,-3.746159,4.114116,22.941375
0.000000,6.866682,-3.396104,3.366407,23.867396
0.000000,7.510154,-2.763544,1.739343,21.616537
0.000000,6.419391,-2.439500,3.317877,20.757569
0.000000,5.677473,-1.338783,1.552506,20.028134
0.000000,0.000000,-1.533074,0.770083,19.924952
0.000000,0.000000,0.000000,0.000000,0.000000
0.000000,0.000000,0.000000,0.000000,0.000000
-0.324172,0.000000,0.000000,0.000000,0.000000
-1.892570,0.000000,0.000000,0.000000,0.000000
-2.503894,0.000000,0.000000,0.000000,0.000000
-2.633221,0.000000,0.000000,0.000000,0.000000
-2.025860,0.000000,0.000000,0.000000,0.000000
-3.466116,0.000000,0.000000,0.000000,0.000000
-4.196372,0.000000,0.000000,0.000000,0.000000
-3.014700,0.000000,0.000000,0.000000,0.000000
-2.940043,-0.749643,0.000000,0.000000,0.000000
-4.034662,-1.117989,-0.327280,-0.145520,1.121337
-3.605284,-0.922617,0.032996,0.203764,0.993198
-1.880325,-1.058348,0.432235,0.824409,2.793756
-2.277062,0.731065,-0.197086,0.452955,3.168711
-2.620837,1.164425,-0.834912,-0.284888,2.502571
-1.419471,1.175912,-0.754775,2.066198,2.565695
-2.197383,1.422175,-0.698583,4.361023,1.596500
-2.113386,0.632084,-2.466450,4.850930,2.235306
-1.918992,2.891457,-2.410108,3.709875,3.082008
-2.528676,2.246883,-1.472703,3.561745,2.600470
-2.474207,0.360423,-1.026090,3.457344,4.385452
-1.256250,-1.379343,-0.225523,2.951677,4.306064
-0.741834,-4.372660,-0.162617,2.728299,4.490243
-1.415412,-4.580944,1.219707,2.100068,5.237725
-0.035223,-4.916388,0.496635,2.427100,4.613219
0.426152,-4.351000,1.036465,2.682609,4.839178
2.360167,-5.015388,1.443067,1.055784,4.313521
3.321119,-5.720478,2.344595,1.597563,3.222097
1.754466,-4.932413,2.655272,2.144420,4.044723
1.853533,-5.246211,2.651006,3.325658,5.584048
4.383198,-5.121016,4.325674,5.630164,5.633667
2.851365,-6.361032,5.071587,5.205124,7.141463
3.470278,-5.598262,4.964864,6.118762,6.836539
4.026234,-4.832429,5.094044,8.058889,6.550128
5.174687,-5.471242,3.358038,9.550345,6.482279
5.468208,-5.223579,2.767983,10.539840,7.316641
5.665403,-3.970695,1.978743,9.551689,5.225733
6.166662,-3.778783,3.245718,10.573589,4.394828
7.394440,-1.864675,4.184755,10.435810,4.359392
8.058403,-1.412006,3.350692,10.464138,3.886868
9.540359,-1.953965,2.199796,11.816829,2.868633
9.631124,1.124508,2.590992,12.433570,2.722532
9.356659,1.397732,3.757597,12.453081,4.097497
9.262034,1.964740,3.793385,10.722405,3.468090
10.119886,3.850276,4.834863,11.385938,5.196490
9.476746,3.634583,4.913268,11.937896,5.520025
10.225442,3.078027,3.378438,12.806256,5.738097
10.643588,3.545432,4.046857,13.414570,5.404508
10.826557,2.288521,3.528681,13.631518,5.216953
12.106970,3.283653,4.867110,13.868327,5.256596
11.332145,1.994899,2.090774,11.888859,5.225009
10.256059,1.150128,2.581132,12.220061,4.622401
8.551464,0.736693,2.753093,13.535516,4.442249
10.073624,0.956576,2.827713,13.259860,5.353305
10.990337,1.906381,3.425745,13.753191,5.501783
12.076108,4.113612,3.925568,11.521499,6.529978
0.000000,4.996444,3.815188,11.655412,7.709508
0.000000,5.240272,3.883580,11.760721,8.161149
0.000000,4.782097,3.857562,11.734461,7.903307
0.000000,3.612009,5.947360,11.964034,8.360538
0.000000,3.651839,5.351628,13.457567,9.540084
0.000000,4.531879,0.000000,12.442299,10.192235
0.000000,4.613061,0.000000,12.243293,10.706125
0.000000,0.000000,0.000000,12.352600,11.568971
0.000000,0.000000,0.000000,13.803731,12.193921
0.000000,0.000000,0.000000,15.058131,14.279234
0.000000,0.000000,0.000000,16.162457,14.081935
0.047879,0.000000,0.000000,15.492380,15.245726
3.347897,0.000000,0.000000,15.041725,14.886339
2.554024,0.000000,0.000000,16.554349,14.555282
3.323806,0.000000,0.000000,17.994493,0.000000
4.475026,0.000000,0.000000,17.145903,0.000000
4.984618,0.000000,0.097528,16.793494,0.000000
6.093828,0.000000,-2.578756,0.000000,0.000000
6.665469,0.195235,-2.843020,0.000000,0.000000
5.606581,0.325959,-3.718905,0.000000,0.000000
3.344263,1.401245,-3.926464,0.000000,0.000000
5.838649,-0.844390,-2.878792,0.000000,0.000000
6.787674,-0.940740,-3.246038,0.000000,0.000000
6.009952,-1.281230,-4.104299,0.000000,0.000000
7.413997,-1.631390,-5.227588,0.000000,0.000000
7.261417,-0.239928,-5.186376,0.000000,1.603256
6.814200,0.676200,-5.025330,0.000000,3.044441
4.173356,-0.664531,-3.775206,0.000000,3.183147
3.792600,-2.064607,-6.010375,-0.164766,2.035511
3.699314,-1.461763,-6.009887,-0.300640,2.194932
4.397977,-0.245214,-3.862295,-0.093243,2.219625
5.299748,1.844475,-2.570099,1.467989,2.271346
5.612149,2.407303,-4.034503,0.948665,1.602144
6.514938,2.452367,-3.306676,-0.331876,3.495677
5.252177,2.897872,-4.107652,-1.716136,3.247237
5.249453,4.444323,-4.183742,0.094095,3.398909
4.749923,3.310315,-5.611732,1.890056,2.770571
4.344009,3.843681,-5.642205,1.541532,2.780200
2.987669,2.185744,-5.778043,1.808310,4.124235
1.276158,2.646312,-4.353879,2.360435,4.736446
0.759144,3.658388,-4.552347,3.458481,4.503454
2.060452,3.742894,-4.521068,3.602744,6.032269
0.370158,3.532037,-5.939964,3.447554,6.259657
0.762833,5.030672,-5.408770,2.653154,5.164117
0.000000,3.910608,-4.935362,2.530410,3.365780
0.000000,4.546474,-3.082886,3.251836,4.148175
0.000000,5.448038,-1.818951,2.703596,3.726307
0.000000,7.185112,-2.356915,2.736841,5.089802
0.000000,6.300255,0.593789,3.075206,5.892240
0.000000,4.848636,0.000000,2.997725,5.532071
0.000000,4.690225,0.000000,2.513396,4.971188
0.000000,3.858434,0.000000,3.848941,6.234201
0.000000,0.000000,0.000000,4.497041,8.184095
0.000000,0.000000,0.000000,6.536840,6.425321
0.000000,0.000000,0.000000,0.000000,7.425889
2.256599,0.000000,0.000000,0.000000,6.639956
3.401081,0.000000,0.000000,0.000000,5.654020
3.922099,0.000000,0.000000,0.000000,4.042640
3.928137,0.000000,0.000000,0.000000,0.000000
1.771312,0.000000,0.000000,0.000000,0.000000
0.347238,0.000000,0.150679,0.000000,0.000000
0.970769,0.000000,-0.903429,0.000000,0.000000
-0.861111,0.000000,-2.175346,0.000000,0.000000
0.525257,-0.075484,-1.486307,0.000000,0.000000
1.880115,-0.224096,-0.997902,0.000000,0.000000
2.741062,-0.036051,-2.492733,-2.214792,0.000000
3.172061,-0.942040,-2.547026,-3.861814,0.000000
2.443124,-1.626197,-1.122718,-4.077019,0.000000
1.769686,-0.766093,0.070323,-0.765353,0.000000
1.837594,-2.067388,0.072234,-1.158597,-0.680901
4.256808,-2.386243,1.245762,-2.067084,1.664576
4.304715,-1.484064,1.407909,-1.262562,1.017577
3.783320,-2.014046,0.395331,-1.903998,1.627989
4.321699,-2.164343,-1.160949,-1.481542,-0.127302
3.103057,-1.846611,-1.772396,0.227057,0.200753
2.618773,-1.361559,-0.394586,-0.887798,1.140252
2.733092,-1.814873,1.512803,0.780817,0.672354
4.078225,-0.490926,2.685353,1.089822,0.198442
4.584141,-0.265328,3.615371,1.386432,1.278804
5.647232,0.671612,4.034723,1.985397,0.609919
5.814780,0.870451,4.260579,0.324773,0.455831
4.272065,0.733104,3.825933,1.055035,-0.362383
2.791500,0.336934,4.882107,1.171201,-1.233553
2.646042,-0.143412,4.636869,1.021821,-0.603189
4.685134,-1.259445,4.462760,1.418227,-0.203387
5.128730,-1.686503,4.583104,-0.355877,-2.852089
4.215089,-0.161836,4.528240,1.863217,-3.268382
4.283368,0.252855,5.005495,1.451930,-3.085573
4.315390,0.610028,2.914040,-0.078402,-3.374047
4.539529,-0.613240,2.231115,-0.346553,-3.840271
4.860660,2.043849,1.984879,-1.164390,-3.687429
4.916363,3.010074,2.555077,-3.215610,-2.555771
4.442801,3.294068,1.280792,-2.690678,-2.287429
6.975412,3.078839,-0.264562,-1.888322,-2.351662
6.858152,1.676840,-1.873034,-1.991704,-1.642894
6.839748,1.723498,-2.296324,-1.798857,-0.191253
6.528074,1.869894,-3.048666,-2.420409,-1.431058
5.599934,2.614751,-2.305611,-1.958998,-0.912690
5.577818,1.406401,-0.762524,-4.361618,-2.554813
5.416140,1.150826,-0.324762,-4.052390,-2.766811
3.774617,1.584877,0.910104,-5.360558,-3.353072
4.395801,1.950155,1.116936,-8.059157,-5.175922
4.323281,3.629738,1.287442,-7.312966,-6.060988
4.871557,2.951859,0.949242,-8.350822,-6.139682
3.092625,1.796661,0.797398,-7.741538,-6.369886
1.733696,2.935055,0.120713,-7.010559,-7.133275
2.510057,4.768249,-1.935480,-5.265186,-7.234543
2.277415,4.973980,-1.485466,-7.220894,-7.165205
-0.322295,5.040042,-1.930487,-7.682180,-8.610876
-3.061338,5.411175,-1.266792,-8.562741,-7.524968
-2.870280,3.476602,-2.552501,-9.839417,-6.570565
-3.305680,4.459498,-2.774703,-11.307516,-6.236456
-2.540238,4.557624,-0.938769,-12.322064,-5.574606
0.000000,3.552770,-1.024759,-12.270185,-7.182917
0.000000,4.730611,-1.316122,-12.443689,-4.784780
0.000000,4.952662,-1.120075,-13.671609,-4.843218
0.000000,4.694048,0.000000,-16.274350,-5.056001
0.000000,3.498881,0.000000,-18.296330,-4.641659
0.000000,4.386951,0.000000,-17.697845,-3.673461
0.000000,5.756018,0.000000,-19.646431,-2.936464
0.000000,0.000000,0.000000,-20.181352,-4.603299
0.000000,0.000000,0.000000,-20.012449,-5.072397
0.000000,0.000000,0.000000,-19.306063,-5.580253
0.000000,0.000000,0.000000,-18.138238,-4.796299
0.000000,0.000000,0.000000,-17.328340,-4.806630
0.000000,0.000000,0.000000,-16.819272,-6.024797
0.000000,0.000000,0.000000,-15.705461,-5.524720
0.000000,0.000000,0.000000,-14.584814,0.000000
0.000000,0.000000,0.000000,-14.219262,0.000000
0.000000,0.000000,0.000000,-14.707723,0.000000
0.000000,0.000000,0.000000,-14.217473,0.000000
0.836973,0.000000,0.000000,-13.337003,0.000000
0.851227,0.000000,0.000000,-13.041288,0.000000
-0.010487,0.000000,1.028998,0.000000,0.000000
0.194751,0.000000,0.758251,0.000000,0.000000
2.031819,1.551111,1.627557,0.000000,0.000000
0.625231,2.687112,1.503278,0.000000,0.000000
0.124507,2.074683,1.665093,0.000000,0.000000
0.660475,1.340478,1.486355,0.000000,0.000000
2.039188,2.490315,0.597319,0.000000,0.000000
2.706170,2.588663,-0.318598,0.000000,0.607124
3.444532,1.503891,1.518717,0.000000,0.349295
3.721355,3.653991,2.916062,0.000000,-0.319991
3.485492,5.325788,4.328386,0.000000,2.359847
4.481901,7.938161,3.425668,0.840573,3.420574
4.788666,8.006288,2.961548,1.403063,3.476250
6.203948,8.282046,4.670214,1.914020,4.604694
6.665252,9.325120,5.749673,2.315002,4.058775
6.873347,9.220822,6.267270,2.615520,3.501324
7.868083,8.184402,6.914929,2.823505,2.953028
8.264160,9.341942,5.396663,1.954199,4.555361
7.608976,9.025864,5.375363,1.968078,5.294427
8.191278,9.301628,5.105003,-0.750723,4.528403
7.018953,9.629210,5.993740,-1.768069,4.534106
8.820455,11.736746,3.898037,-1.995653,3.966484
9.108764,10.942783,4.195740,-0.363930,4.486353
8.589211,10.944196,4.393111,-0.243756,5.699746
7.912943,11.932125,3.262932,0.977174,6.515019
6.916846,12.557302,1.932461,0.119776,6.146791
